status_id,created_at,screen_name,text,lang,source,retweet_count,reply_to_screen_name,country_code,followers_count,verified
1244051646071611394,2020-03-29T00:00:00Z,IMSS_SanLuis,"Ante cualquier enfermedad respiratoria, no te automediques. #Prevenci√≥nCoronavirus #Coronavirus #COVID19 https://t.co/IgB2izYi1p",es,TweetDeck,0,,,1008,False
1244051645039706112,2020-03-29T00:00:00Z,intrac_ccs,"#ATENCI√ìN En el Terminal Nuevo Circo se implementan medidas como el uso de la mascarilla por parte de usuari@s y conductores que hacen vida en dichas instalaciones, parte de los esfuerzos unificados para impedir la propagaci√≥n del #Coronavirus
#28Marzo
@NicolasMaduro 
@ErikaPSUV https://t.co/yD8g0EAcQz",es,TweetDeck,1,,,90,False
1244051645975191557,2020-03-29T00:00:00Z,rlieving,"‚ÄúPeople are just storing up. They are staying at home freezing things. I talk to dealers around the state and out of the area, they are all out of freezers,‚Äù said owner Frank Mertz.

https://t.co/gsqghMqJs9

@KQDS_FOX21 #minneapolis #mn #covid19 #coronavirus",en,TweetDeck,0,,,136,False
1244051646750928897,2020-03-29T00:00:00Z,Tu_IMSS_Coah,"Si empezaste a trabajar, necesitas dar de alta a tus beneficiarios ante el #IMSS, ahora lo puedes hacer desde tu domicilio a trav√©s de internet y evita filas | #SanaDistancia
#Qu√©dateEnCasa 
#Coronavirus
#COVID19 #M√©xicoUnido          

https://t.co/zv3POwhVXe https://t.co/1VOKagjdOF",es,TweetDeck,0,,,1549,False
1244051647032102914,2020-03-29T00:00:00Z,Tabasco_IMSS,Una sociedad informada est√° mejor preparada ante el #Coronavirus #COVID19 ¬°inscr√≠bete! https://t.co/HhuRe1r7Wo,es,TweetDeck,0,,,868,False
1244051645710897155,2020-03-29T00:00:00Z,SSalud_mx,"¬°#Inf√≥rmate! #ConferenciaDePrensa sobre el #Coronavirus #COVID19 a las 7 pm. Sigue la transmisi√≥n en nuestros perfiles de Facebook, Twitter y en https://t.co/BE7JBC7ARm. https://t.co/g84X9EEnEz",es,TweetDeck,49,,,812318,True
1244051646935633921,2020-03-29T00:00:00Z,AmerMedicalAssn,.@PatriceHarrisMD spoke with @YahooFinance about the #COVID19 stimulus package making its way through Congress and how the healthcare landscape will change once the #pandemic ends. https://t.co/YbfJwrA7ih,en,Sprinklr,3,,,714952,True
1244051645971025920,2020-03-29T00:00:00Z,CGTNOfficial,"First medical team aiding #Wuhan in fight against epidemic completes mission 

#COVID19 #CoronavirusOutbreak https://t.co/zeeai42psk",en,Twitter Media Studio,18,,,14040072,True
1244051647149543426,2020-03-29T00:00:00Z,OnTopMag,.@KathyGriffin: @realDonaldTrump Is 'Lying' About #Coronavirus Testing https://t.co/JZp8brA577 #covid19 #lgbt,en,Twitter for Advertisers,1,,,5042,False
1244051645039693824,2020-03-29T00:00:00Z,ContraReplicaMX,"A pesar de la contingencia sanitaria provocada por el #Covid19, el @SismologicoMX va a continuar con el monitoreo las 24 horas del d√≠a. https://t.co/HTzp4feAYz",es,TweetDeck,0,,,13287,False
1244051646469947399,2020-03-29T00:00:00Z,SSC_Pue,"Ya sea a pie, en veh√≠culo y hasta por espacio a√©reo, nos hemos dado dado la tarea de llevar personalmente las medidas de prevenci√≥n ante #COVID19. üëÆüëÆ‚Äç‚ôÄÔ∏è

¬°Seguimos en la batalla!, S√∫mate a esta causa y #Qu√©dateEnCasa. üë®‚Äçüë©‚Äçüëß‚Äçüë¶ https://t.co/SiwFj0u1vw",es,TweetDeck,3,,,297013,False
1244051645098528768,2020-03-29T00:00:00Z,uri_911,"#VEN911Oficial | #28Mar Es muy importante que mantengas un h√°bito de medidas higi√©nicas pertinentes, para preservar tu salud y la de los que se encuentran a tu alrededor. #Covid19 https://t.co/qe2X3IlPON",es,TweetDeck,0,,,66,False
1244051646113443841,2020-03-29T00:00:00Z,SecAytoPue,"¬øQu√© es el coronavirusü§î, y cu√°les son sus principales factores de riesgo? ‚ö†

El doctor üßë‚Äç‚öïÔ∏è‚öï Josu√© Guti√©rrez Tapia, director de Atenci√≥n a la Salud del @SMDIFPue, nos comparte la siguiente informaci√≥n üëá

#COVID19 https://t.co/e5uVYeMbIX",es,TweetDeck,0,,,2251,False
1244051645102579712,2020-03-29T00:00:00Z,livemint,"#CoronaUpdate | Johns Hopkins University has said it did not authorize the use of its logo on a report titled '#Covid19 for India Updates'

(@dtrips reports)  

https://t.co/NjxfV46Von",en,TweetDeck,2,,,1862858,True
1244051647329779713,2020-03-29T00:00:00Z,DiarioLibre,"| #Coronavirus | EEUU aprueba test de coronavirus que ofrece resultados en menos de 15 minutos

#DL #DiarioLibre #Actualidad #Internacional #EEUU #Salud #Covid19 https://t.co/df5V9fYv67",es,TweetDeck,12,,,1185042,True
1244051646415425536,2020-03-29T00:00:00Z,lahoraecuador,"Debido a la emergencia sanitaria que vive el pa√≠s, varias instituciones se unen para que los agricultores puedan vender sus productos

Te contamos: https://t.co/JlrsWI1dTJ #Ecuador #Covid19",es,TweetDeck,19,,,534729,False
1244051647418044418,2020-03-29T00:00:00Z,ABSCBNNews,"Singapore donates 40,000 test kits to the Philippines #COVID19 https://t.co/prmHgbkOXb",en,TweetDeck,840,,,6767144,True
1244051645111074817,2020-03-29T00:00:00Z,RadioNLNews,It's been a remarkable week for bold policy announcements because of #COVID19 according to a @CCPA economist. #bcpoli #canpoli #Kamloops https://t.co/WmURdqfD4s https://t.co/PDIgTwPMCJ,en,TweetDeck,0,,,6929,False
1244051645165600768,2020-03-29T00:00:00Z,ElSoldeSinaloa_,"#PorSiNoLoViste
Se dise√±√≥ una estrategia para que los alumnos de bachillerato no pierdan materias
@MartinDuran24
@uasoficialmx
#UAS #Casa #Clases #Coronavirus #Salud #Vacaciones #Covid19 
https://t.co/eTnB91QnqY",es,TweetDeck,0,,,2794,False
1244051645153116161,2020-03-29T00:00:00Z,techreview_es,"#LoM√°sLe√≠doMarzo | Esta 'app' del MIT te avisa de si te has cruzado con alg√∫n infectado de coronavirus

#coronavirus #COVID19 #Cuarentena #QuedateEnCasa 

https://t.co/ODku6Bzuzg",es,TweetDeck,12,,,27514,True
1244051645119344640,2020-03-29T00:00:00Z,imssjalcontigo,"#Prevenci√≥nCoronavirus | ¬øSab√≠as que al estornudar o toser los virus alcanzan una velocidad de hasta 60 km/h üò±? 

Utiliza esta t√©cnica para evitar propagar #EnfermedadesRespiratorias como la causada por el #Coronavirus #COVID19 https://t.co/T29UEdMTCa",es,TweetDeck,0,,,3869,False
1244051646939664384,2020-03-29T00:00:00Z,889Noticias,El Secretario Nacional de la @ONU_es anunci√≥ la donaci√≥n de 250 mil m√°scaras protectoras a #NuevaYork la ciudad m√°s afectada con casos de #COVID19 en #EstadosUnidos   AZ,es,TweetDeck,1,,,262891,True
1244051646738386945,2020-03-29T00:00:00Z,SomosLJA,"#LoM√°sVistoEnLJA | TREINTA√ëEROS Y VEINTEA√ëEROS ENCABEZAN CONTAGIO POR #COVID19 VAN 3 BEB√âS

https://t.co/t3NrNkbJAF

V√≠a @emeequis",es,TweetDeck,0,,,20129,False
1244051647069859853,2020-03-29T00:00:00Z,SputnikInt,"#Pentagon activates special protocols to fight #COVID19, can hide info about infected troops ‚Äì report https://t.co/3AXSnkta3V",en,TweetDeck,13,,,317134,True
1244051646897893382,2020-03-29T00:00:00Z,SigloDurango,Integrante de @MoratBanda da positivo a #COVID19 https://t.co/EGEXJ87mHx,es,TweetDeck,0,,,29578,False
1244051647849889794,2020-03-29T00:00:00Z,RT_com,"Lockdowns, drones: Will things ever go back to normal after #COVID19 pandemic? https://t.co/7B4THuG3TE",en,Twitter Media Studio,58,,,3073688,True
1244051647602364416,2020-03-29T00:00:00Z,DeportePue,"Los ojos, la boca y la nariz son puntos de entrada para el #COVID19, evita el autocontacto en estas partes del cuerpo y lava constantemente tus manos con agua y jab√≥n o alg√∫n desinfectante a base de alcohol.

#Prevenci√≥nCoronavirus https://t.co/HHvIszUIqS",es,Twitter Web App,0,,,6544,False
1244051647543652353,2020-03-29T00:00:00Z,AACNme,Does the #COVID19 pandemic have you feeling out-of-control and overwhelmed? Take control of your mental health when COVID-19 has taken control of you. https://t.co/9L3GiwOjDh #Coronavirus,en,Twitter for Advertisers,4,,,24142,False
1244051647472365568,2020-03-29T00:00:00Z,RaulOrvananos,"La @juventusfc anunci√≥ que sus jugadores y su DT Maurizio Sarri aceptaron recortar sus salarios desde marzo hasta junio, tras la suspensi√≥n de la #SerieA hasta -por lo menos- el 3 de abril por el #COVID19

Si el torneo alarga, lo jugadores recibir√≠an pagos por esos meses extra https://t.co/T598WUsXWI",es,TweetDeck,1,,,999156,True
1244051647304785924,2020-03-29T00:00:00Z,TRICARE,Do you have routine appointments planned at a military hospital or clinic? We encourage you to call ahead to make sure it‚Äôs not changing.  https://t.co/sfu9Yj1vP5 #COVID19 #Coronavirus https://t.co/UWaq936kDZ,en,Twitter Media Studio,1,,,35535,True
1244051647250104320,2020-03-29T00:00:00Z,MinjusDH_Peru,"¬°Continuando el trabajo preventivo! En todo el pa√≠s, el @INPEgob realiza acciones de prevenci√≥n, limpieza y desinfecci√≥n  para garantizar la salud de los internos y trabajadores penitenciarios ante el #COVID19. #ElPer√∫Est√°EnNuestrasManos https://t.co/cefNbwS2nb",es,Twitter Media Studio,6,,,233439,True
1244051647199879168,2020-03-29T00:00:00Z,GobCDMX,"¬øSospechas que tienes s√≠ntomas de #Covid19? Manda un SMS al 51515 y resuelve tus dudas. 

M√°s informaci√≥n: https://t.co/NwBh2BVeuJ.         

#Qu√©dateEnCasaCDMX https://t.co/fv8gNTZ1UY",es,Twitter Media Studio,28,,,2744238,True
1244051646948220928,2020-03-29T00:00:00Z,MDOT_BWB,"@MichiganDOT will not accept cash transactions from eastbound @MDOT_BWB #BlueWaterBridge customers amid the #COVID19  #coronavirus outbreak.
Thank you for your understanding and patience. 
 #MDOT",en,TweetDeck,0,MichiganDOT,,4421,True
1244051646893756416,2020-03-29T00:00:00Z,croniquindio,#Econom√≠a | Sena #Quind√≠o adelanta proyectos para atender emergencia por #COVID19: https://t.co/2YJ35GAyL6 https://t.co/wtVnE6vjQw,es,TweetDeck,0,,,20460,True
1244051646893690880,2020-03-29T00:00:00Z,fmpt_cdmx,"La #SanaDistancia puede ser la diferencia entre prevenir y no contagiar, ni contagiarse de #COVID19. Si sales a hacer tus compras, toma tus precauciones. #Qu√©dateEnCasaCDMX #SaludEnTusManos 

@Claudiashein @LaraPaola1 
@SSaludCdMx https://t.co/jRQNWjx2G1",es,TweetDeck,4,,,7083,False
1244051646734368769,2020-03-29T00:00:00Z,rickross10,A #CoronavirusVaccine Could Be the First That Outwits Nature https://t.co/MVlNBKipaa #COVID19 #CoronaVirus #Innovation,en,Twitter for Advertisers,1,,,64610,False
1244051646658813952,2020-03-29T00:00:00Z,EBmedicine,"Management options: antivirals, glucocorticoids, and novel treatments to manage cytokine storm: Novel Coronavirus SARS-CoV-2 (COVID-19), an Updated Overview for Emergency Clinicians https://t.co/M3QCl4kOAl #flattenthecurve #COVID19PH #stayhomechallenge #shelterinplace #COVID19 https://t.co/ysH09AwA9u",en,SEMrush Social Media Tool,2,,,7041,False
1244051646151180288,2020-03-29T00:00:00Z,MSF_canada,"‚ö†Ô∏è#COVID19 update from Northwest #Syria: 

Deir Hassan camp hosts more than 164,000 people in settlements scattered over the hills. It lacks basic services and is now threatened by the potential spread of the #coronavirus: https://t.co/CRd4tvaB4F",en,TweetDeck,1,,,22972,True
1244051646138789888,2020-03-29T00:00:00Z,AirtelUFootball,".@CelticFC manager Neil Lennon says his players are like ‚Äúcaged animals‚Äù as they wait for the green light to return to training amid the #COVID19 pandemic

https://t.co/sIIqTDtiY2",en,TweetDeck,0,,,9815,False
1244051646038052865,2020-03-29T00:00:00Z,TownofNewmarket,"We're powering down our buildings and marquee signs (where it's safe) for #EarthHour! While it may be hard to limit energy use at home during #COVID19, there are still many ways to show your support for our planet. How will you be making a difference? #NewmarketEarthHour",en,Twitter for Advertisers,0,,,14191,True
1244051646029524994,2020-03-29T00:00:00Z,gorebiobio,"#Toquedequeda Desde las 22:00 horas y hasta las 5:00am, contin√∫a el toque de queda en todo el territorio nacional, en el marco de las medidas adoptadas por el brote de #Covid19. Recuerda #CuidemonosEntreTodos #PlanCoronavirus https://t.co/Bq5CoATp3V",es,Twitter Media Studio,1,,,26983,True
1244051645995995136,2020-03-29T00:00:00Z,FacMedicinaUC,"#MedUC junto a la Red de Salud @ucchristus realizar√°n una nueva jornada de capacitaci√≥n sobre manejo de pacientes con #Covid19 este lunes de las 14:00 horas.
https://t.co/3DTc6ZeyvS https://t.co/VFo82o5l8Z",es,TweetDeck,9,,,6186,False
1244051645937278976,2020-03-29T00:00:00Z,_RevistaCambio,"Walmart y Soriana ya est√°n tomando medidas para proteger a su personal de la tercera edad del #COVID19

https://t.co/ae7WYQD9Z0",es,TweetDeck,1,,,20742,False
1244051645899485184,2020-03-29T00:00:00Z,PueblaMujeres,"El #Covid19 entra a nuestro cuerpo a trav√©s de las membranas, por ello es importante lavarnos las manos constantemente y evitar tocar ojos, nariz y boca.
Recuerda que al cuidar de ti, tambi√©n cuidas de tus seres queridos. https://t.co/wiW1zKV26e",es,TweetDeck,0,,,1630,False
1244051645895528451,2020-03-29T00:00:00Z,ElSabuesoAP,"El video de un hombre con dificultades para respirar caus√≥ p√°nico en M√©xico en plena contingencia de #COVID19, pero üê∂ ¬°grrrrr!, el joven no tiene #Coronavirus.
https://t.co/Oxjl7hyyXk",es,TweetDeck,13,,,44054,True
1244051645790449664,2020-03-29T00:00:00Z,senalutv,"üì∫ Desde el canal de #TV de la @uncuyo #SeguimosEducando en esta #CuarentenaObligatoria por el #coronavirus. https://t.co/GvcN6zUihJ

üìå #CoronavirusEnArgentina #Covid19",es,TweetDeck,0,,,5345,False
1244051645706702855,2020-03-29T00:00:00Z,Gob_Puebla,"Recuerda no tocarte la cara, ojos o nariz; esta es una medida preventiva ante el #COVID19 que deber√°s aplicar dentro del Receso Escolar y en la Jornada Nacional de Sana Distancia.
üì±800 581 4444
üíªhttps://t.co/7usspovIF5 https://t.co/AwtZzGddvT",es,TweetDeck,17,,,17793,True
1244051645635452928,2020-03-29T00:00:00Z,ajplusespanol,"Cosas positivas que estamos aprendiendo con el #COVID19: reconocer el trabajo de quienes sostienen las ciudades.

Esta es Badalona, Catalu√±a, aplaudiendo la labor de Encarna, una trabajadora de limpieza que desempe√±a su labor en las calles vac√≠as por el confinamiento. https://t.co/EOeELFbdM5",es,Twitter Media Studio,29,,,114235,True
1244051645559963650,2020-03-29T00:00:00Z,IMSSQueretaro,"En momentos de contingencia, el #IMSS asegura la realizaci√≥n de tus tr√°mites para protegerte a ti y a tus seres queridos

Para cuidarnos del #Coronavirus #COVID19 es importante que nos quedemos en casa. 
Haz tus tr√°mites aqu√≠: https://t.co/iF0A5YMrJS

#M√©xicoUnido #SanaDistancia https://t.co/LHsjB59Kol",es,TweetDeck,0,,,3947,False
1244051645253599233,2020-03-29T00:00:00Z,INAHmx,"¬°Si te cuidas t√∫, nos cuidamos todos!

Sigue los consejos de @SusanaDistancia y ay√∫danos a aplanar la curva epid√©mica del #COVID19. https://t.co/ovhBLLh93O",es,Twitter for Advertisers,5,,,141871,True
1244051645241208835,2020-03-29T00:00:00Z,TheTyee,"The Italian town of Vo went harder than most with their testing for #COVID19 ‚Äî and it paid off. We could learn a few things. #bcpoli #cdnpoli
https://t.co/BJSuwmNivD",en,TweetDeck,6,,,56104,True
1244051645211664386,2020-03-29T00:00:00Z,YourMorning,Can pets carry #COVID19 to other people? A medical expert answers this and more.,en,Twitter for Advertisers,0,,,18837,True
1244051645148934150,2020-03-29T00:00:00Z,SupFletcher,We here at District 4 are still here to support you as we all confront #COVID19 in our region. Our office remains open as we maintain physical distancing in accordance with the orders from our Governor and our Public Health Officer. https://t.co/U2SJpnLrwe,en,TweetDeck,2,,,2411,False
1244051645069230081,2020-03-29T00:00:00Z,PueblaJuventud,"Los ojos, la boca y la nariz son puntos de entrada para el #COVID19, evita el autocontacto en estas partes del cuerpo y lava constantemente tus manos con agua y jab√≥n o alg√∫n desinfectante a base de alcohol.

#Prevenci√≥nCoronavirus https://t.co/AhKbL1qc8J",es,TweetDeck,0,,,1656,False
1244051645069131777,2020-03-29T00:00:00Z,ASMEJournals,ASME Virtual Issue: COVID-19 Resource. View papers here: https://t.co/WtZioXgucg #Covid19 #Engineering #virtual https://t.co/7FPaSpeYGq,en,TweetDeck,0,,,1502,False
1244051645056589824,2020-03-29T00:00:00Z,invertirmejor,#ElD√≠aQueDiosEntr√≥AlBanco #Coronavirus #COVID19 #EnCasaMeQuedo #EstaEnTusManos #YoMeQuedoEnCasa #VidaP√∫rpura! #FelizS√°bado #ModoHervir #JuanDiegoG√≥mez #InvertirMejor¬Æ #Riqueza #Abundancia #Prosperidad #Dinero #Motivaci√≥n #PNL #Emprendimiento #Negocios https://t.co/ZIrKOWu48c https://t.co/R0A5PJWuJf,und,TweetDeck,5,,,244480,False
1244051645048049665,2020-03-29T00:00:00Z,Ecodiariozac,"#Nacional El presidente Andr√©s Manuel L√≥pez Obrador volvi√≥ a pedir a los mexicanos seguir las recomendaciones de sana distancia ante la pandemia del #COVID19 mexico para evitar que los contagios salgan de control. #Ecodiario #Zacatecas

https://t.co/lU47QqMQUB",es,TweetDeck,0,,,675,False
1244051644981161991,2020-03-29T00:00:00Z,TheAgenda,Ontario‚Äôs food-security groups are getting creative during COVID-19 https://t.co/TqmyR5Povd by @DianeEPeters #covidontario #COVID19 https://t.co/oUJYHq1pcV,en,Twitter Media Studio,3,,,51360,True
1244051644964163584,2020-03-29T00:00:00Z,EmmaLGraney,"Today‚Äôs Alberta #COVID19: 79 more cases, total 621 (12 in ICU). 53 recovered! Municipalities can hold online/distanced meetings. Expanded ‚òéÔ∏è mental health supports 1-866-332-2323 (daily 7am-11pm). Public court access restricted Monday. #ableg #cdnpoli https://t.co/leUZxQNZa1",en,Twitter for iPhone,5,,,12050,True
1244051644553322504,2020-03-29T00:00:00Z,mindfulnessqd,"Have you watched our video? Teachers, administrators, guidance counselors, everyone loves ""Mindfulness Everyday Community Gatherings during #COVID19"". Join us at 10am EST tomororow. Registration: https://t.co/gE7WcDRgSv
https://t.co/aGhiFvYEz1 via @YouTube",en,Twitter Web App,0,,,440,False
1244051646595899394,2020-03-29T00:00:00Z,CanalCongreso,"#covid_19 üö® Diputada @Naysalvatori @PESDiputados 

üì¢T√∫ tienes el poder de salvar a nuestro pa√≠s ¬°#Qu√©dateEnCasa!üåéüá≤üáΩüè°

#LasVocesDelCongresoMx‚û°Ô∏èhttps://t.co/6m32MFx6VZ https://t.co/MKoaxapjJE",es,TweetDeck,1,,,182702,True
1244051645010329600,2020-03-29T00:00:00Z,MijpSenamecf,"Lava tus manos frecuentemente con agua y jab√≥n, as√≠ evitaras el contagio de alg√∫n virus. #13Mar  #Coronavirus #Covid_19 https://t.co/KcPtupZ2I7",es,TweetDeck,0,,,37,False
1244051645803233282,2020-03-29T00:00:00Z,ECU911Machala1,"#Prevenci√≥nEsSalud | Inf√≥rmate sobre el
uso adecuado de mascarilla. Recuerda que
prevenir un posible contagio es una
responsabilidad conjunta.
#EstadoDeExcepci√≥n
#ActivadosPorLaSalud
#CoronavirusEc

#Covid_19 https://t.co/AT9W61dGGc",es,TweetDeck,0,,,30491,False
1244051646784602114,2020-03-29T00:00:00Z,DDMexico,¬øNo le temes al #Covid_19 porque eres joven? ¬°Recuerda que no eres invencible! ‚ö†Ô∏èüò± https://t.co/GczytXLErk,es,Socialbakers,1,,,15602,False
1244051647027970057,2020-03-29T00:00:00Z,LNER,"Tomorrow, the 30th March we will further alter our current timetable during the #Covid_19 outbreak.

Please check Journey Planner prior to travelling to ensure your service is running: https://t.co/axnnoQCBf8. https://t.co/8XitVFrvRs",en,Twitter Media Studio,1,,,183663,True
1244051646839173120,2020-03-29T00:00:00Z,politicomx,#EstaSemanaPMX | Garc√≠a Luna pidi√≥ libertad por #Covid_19; su defensa se√±al√≥ que hay ‚Äúun elevado riesgo de muerte‚Äù en caso de contraer coronavirus por su historial m√©dico. https://t.co/50lQwgRgMN https://t.co/7itTvXQwfD,es,TweetDeck,0,,,106421,True
1244051646012895233,2020-03-29T00:00:00Z,IFT_MX,"Frente a la pandemia por el #Covid_19 el #IFTteAyuda, dale clic https://t.co/DrgRdeYpoY y conoce c√≥mo usar responsablemente las telecom #SoyUsario https://t.co/P8ysTDiaCU",es,TweetDeck,7,,,62279,True
1244051645400354822,2020-03-29T00:00:00Z,ministeriosalud,"Adem√°s de conocer sus s√≠ntomas y medidas de prevenci√≥n, encuentra en https://t.co/b6NxTzF4tq todas las medidas y actualizaci√≥n permanente de casos confirmados de #COVID_19 a nivel nacional. 

#Cuid√©monosEntreTodos
#PlanCoronavirus https://t.co/t31kjqpatT",es,Twitter for Advertisers,28,,,324141,True
1244051647954853889,2020-03-29T00:00:00Z,Dooks_2011,Aye @Shizzwall I like that #Coronavirus sound effect tho üòÇ,en,UberSocial for Android,0,,,208,False
1244051647837474817,2020-03-29T00:00:00Z,TridentShield,"Going LIVE In An Hour.  30 Days of Preparedness Challenge!  Call 800-811-2420 x102 to be a guest during the show.  Learn Some -OR- Share Some!

#TridentShield #Coronavirus #COVID-19 #SocialDistancing #CopingTogether

https://t.co/lJJIaKURG1 https://t.co/fv2ei8D4U0",en,HubSpot,1,,,131,False
1244051647426330624,2020-03-29T00:00:00Z,EdMarketBrief,"$15.5 billion for supplemental nutritional assistance, $8.8 billion for child nutrition programs and $3.5 billion for child care and development is in the #coronavirus relief bill. See how that money changes schools' purchasing decisions. https://t.co/UEHbG6xn5f https://t.co/6OyLIzwQOR",en,TweetDeck,0,,,7125,False
1244051647409426438,2020-03-29T00:00:00Z,MuniRosario,"CORONAVIRUS: ¬øQU√â HACER SI TEN√âS S√çNTOMAS?
Si ten√©s s√≠ntomas compatibles con #Coronavirus no vayas a las guardias, quedate en tu casa y segu√≠ estas recomendaciones üëá
Toda la informaci√≥n se va actualizando peri√≥dicamente en https://t.co/noOGUCaejb https://t.co/HpP9aDfh1J",es,Twitter Ads,17,,,323102,True
1244051647254482946,2020-03-29T00:00:00Z,bohemiaonline,Salen a las calles en #Brasil para protestar contra la falta de medidas contra el #coronavirus https://t.co/KlqqNgMeaG https://t.co/j8aOlNtTy9,es,TweetDeck,0,,,26472,False
1244051647195684866,2020-03-29T00:00:00Z,Opinion_Bolivia,"Desde que el #coronavirus lleg√≥ a todos los rincones del planeta, la demanda de productos de desinfecci√≥n y limpieza creci√≥ exponencialmente y las #industrias del rubro tienen que realizar #esfuerzos para atender el momento cr√≠tico.
https://t.co/ew7gu2ff4w",es,TweetDeck,6,,,58736,False
1244051646964957187,2020-03-29T00:00:00Z,MiTrenPuebla,"Si vienes del extranjero hacia Puebla, recuerda mantener las medidas de higiene preventivas contra el #Coronavirus, como lavarse las manos constantemente o usar el √°ngulo interior del brazo al estornudar o toser.

üì≤800 581 4444
üåêhttps://t.co/57MjfWFoca https://t.co/CUs2nh3Lee",es,TweetDeck,0,,,903,False
1244051646595751936,2020-03-29T00:00:00Z,EconomicTimes,"As the #Coronavirus contagion grows and lockdown orders make visits to clinicians difficult, #hospitals are putting in place video consultations, tele-ICUs and virtual in-house meetings to ensure continuity of medical care and minimise spread of infection https://t.co/esQ4RBmrqO",en,TweetDeck,10,,,3470999,True
1244051646520401921,2020-03-29T00:00:00Z,MilenioMty,"SRE env√≠a avi√≥n a Cuba para retornar a mexicanos varados por #coronavirus

https://t.co/D5pIqOwRmq https://t.co/NtCMosewub",es,TweetDeck,0,,,73357,True
1244051646201638912,2020-03-29T00:00:00Z,LexLatin,#ACTUALIDAD Consulta los principales cambios jur√≠dicos provocados por el #coronavirus que tienen un impacto en el sector legal de Am√©rica Latina. Te contamos. https://t.co/tO0qjSdLeD,es,TweetDeck,1,,,9937,False
1244051645979213824,2020-03-29T00:00:00Z,OurRevolution,"We MUST organize to ensure Trump is held accountable for all powers of the presidency he may try to exploit. #OrganizeToWin #Coronavirus
https://t.co/D7kEGFeMzB",en,TweetDeck,25,,,140448,True
1244051645941649409,2020-03-29T00:00:00Z,kirksvillecity,College students! Suddenly back at home? Remember you should count yourself at your college address in the #2020Census if you live there during the school yr and make sure to count everyone at your house or apt. Respond now at https://t.co/hyZZQh1Uog. #MissouriCounts #coronavirus https://t.co/eYvmlA4Zik,en,TweetDeck,0,,,395,False
1244051645882871810,2020-03-29T00:00:00Z,elpoliticonews,#China niega informaci√≥n vital para combatir el #coronavirus https://t.co/CM0o2yuM5I #ElPol√≠tico #28Mar,es,TweetDeck,5,,,193861,False
1244051645870325761,2020-03-29T00:00:00Z,AmeMonumental,"Con ustedes, el primer jugador del #Am√©rica ü¶Ö en opinar sobre si se deben o no bajar los salarios por la crisis del #Coronavirus ü¶†... ¬øQu√© les parece? ü§îü§î

https://t.co/NTumBdwjjx",es,TweetDeck,1,,,50254,True
1244051645836689410,2020-03-29T00:00:00Z,gpbmacon,"ICYMI: Georgia Medical Students To Help #Coronavirus Effort

GPB's @ejreports has the story: https://t.co/ivd47pKAUl https://t.co/FA97kg9nas",en,TweetDeck,0,,,2894,False
1244051645815607296,2020-03-29T00:00:00Z,Radiodotcom,#Coronavirus is definitely changing things. How will the world look in a year from now? https://t.co/P4BGE6zHM5,en,Twitter Media Studio,1,,,20457,True
1244051645715152896,2020-03-29T00:00:00Z,CEOLatam_,"El CEO de @platzi, @freddier, te dice 7 acciones para sobrevivir ante una posible crisis econ√≥mica por  el #coronavirus. https://t.co/UDguKXRlub https://t.co/p6jm3E9qu2",es,TweetDeck,0,,,768,False
1244051645715095554,2020-03-29T00:00:00Z,imagenpoblana,"#Ent√©rate

Piratas inform√°ticos difunden malweres trav√©s de comunicados falsos sobre #coronavirus para robarte datos personales. Pero tranquilo, aqu√≠ te damos algunas recomendaciones para  no ser v√≠ctima de un ciberataque  üë®‚Äçüíª

https://t.co/BpDJiKkjs6",es,TweetDeck,0,,,17864,False
1244051645689970688,2020-03-29T00:00:00Z,ChuckRingwalt,".@TheCLE still hopes to celebrate its #VisitMeInCLE this summer. My colleague Karlynn Wells spoke with Destination Cleveland‚Äôs Emily Lauer about the impact of the #coronavirus. You can find Karlynn on Facebook @KarlynnWells. #CLE #Cleveland #TheLand
https://t.co/J0BiKXHBV5",en,TweetDeck,0,,,1795,True
1244051645672992768,2020-03-29T00:00:00Z,Congreso_CdMex,"#Inf√≥rmateBien | ¬øCu√°nto tiempo sobrevive el #coronavirus en las superficies?

ü¶†#coronavirus
‚òùÔ∏èCon√≥celo
ü§ìPrep√°rate
üò∑Act√∫a

Sigue las recomendaciones que emite la @OPSOMSMexicoüëá https://t.co/DV2QeatVPN",es,TweetDeck,2,,,55355,False
1244051645484466178,2020-03-29T00:00:00Z,RevistaRayas,"As√≠ se le est√°n pasando los mexicanos en esta cuarentena por el #coronavirus üò∑ü¶†
https://t.co/McWrx532av",es,TweetDeck,0,,,435,False
1244051645475872768,2020-03-29T00:00:00Z,AgenciaAnadolu,En #Bolivia inici√≥ el fin de semana de cuarentena absoluta para contener el #coronavirus. https://t.co/QZr1MQMiut https://t.co/67OAYx2I5W,es,TweetDeck,1,,,2875,True
1244051645379403776,2020-03-29T00:00:00Z,gpbnews,"ICYMI: Georgia Medical Students To Help #Coronavirus Effort

GPB's @ejreports has the story: https://t.co/AIfiNPOjxa https://t.co/JjPP0NY8zs",en,TweetDeck,1,,,12619,True
1244051645283139586,2020-03-29T00:00:00Z,luisgdigital,"#Coronavirus
No dejes el glamour por la cuarentena; checa estos consejos para vestir en casa
@lharanda
https://t.co/Ced14R4Eaf https://t.co/TePmAsQ6qN",es,TweetDeck,0,,,1872,False
1244051645161451521,2020-03-29T00:00:00Z,TribunaSL,"#Tribuna #CR7 #CristianoRonaldo

Los da√±os econ√≥micos causados por el #coronavirus obligan la Liga de la Serie A a plantearse soluciones para intentar contener los da√±os

https://t.co/OXonYYhvKc",es,TweetDeck,0,,,1335,False
1244051645115191298,2020-03-29T00:00:00Z,ChivasPasioncom,"üí£üí£ El √≠dolo de @Chivas ya tiene planes para cuando acabe esta crisis por el #coronavirus y vuelva el futbol

#QuedateEnCasa
https://t.co/LPdtz31a5G",es,TweetDeck,3,,,36737,True
1244051645065039879,2020-03-29T00:00:00Z,revistaanfibia,"#Coronavirus | Golpean ollas, gritan e insultan. ""¬°Fora, Bolsonaro! ¬°Vai se foder, Bolsonaro!"" En cuesti√≥n de d√≠as, la nueva pandemia mundial desat√≥ la crisis pol√≠tica m√°s seria sufrida hasta ahora por el bolsonarismo.

üáßüá∑ Brasil, por @ff_barrio ‚úç https://t.co/3vZoI6Vf6H",es,TweetDeck,4,,,97350,False
1244051645052391425,2020-03-29T00:00:00Z,pichinchauniver,"üåé#ElMundo | Epidemi√≥logos de la Universidad de Harvard elogian el m√©todo usado en #Singapur durante la epidemia de #coronavirus al que lo calificaron de ‚Äúcriterio de referencia de detecci√≥n casi perfecta¬ª.

https://t.co/VRYqiRCOws",es,TweetDeck,27,,,50478,False
1244051645031481345,2020-03-29T00:00:00Z,MiamiMundo,La muerte por coronavirus de una menor de 16 a√±os manda un aviso a la juventud francesa #coronavirus #francia #J√≥venes #juliealliot https://t.co/dqRG6Pyc8C,es,TweetDeck,7,,,49574,False
1244051645027115011,2020-03-29T00:00:00Z,UPAVoficial,"¬øSabes c√≥mo se transmite el #coronavirus COVID-19?

Si deseas m√°s informaci√≥n visita: https://t.co/P4j5jeGv7C o llama al 800 012 34 56.

¬°#UnidosContraElCoronavirus! https://t.co/vmiuvJJXVF",es,TweetDeck,1,,,930,False
1244051647652720643,2020-03-29T00:00:00Z,ACSouthAsia,"In an internal document dated March 27, the @investindia detailed efforts to find companies that can supply critical supplies. As cases of the illness have risen, so have complaints from healthcare workers about shortages. #India #CoronavirusOutbreak 

https://t.co/KpDQ69fExx",en,TweetDeck,2,,,6657,True
1244051647006900227,2020-03-29T00:00:00Z,TPE_connect,"""I'm sorry, some people will die, that's life,"" Brazil President on coronavirus deaths.... #Brazil #Coronavirus  #CoronavirusOutbreak #CoronavirusBrazil #COVID #COVID19 #COVID2019 #Corona #CoronavirusPandemic https://t.co/WAzrZScFmb",en,TweetDeck,0,,,751,False
